/*
  # Adicionar mais cidades brasileiras ao sistema

  1. Objetivo
    - Expandir a cobertura de cidades em todos os estados brasileiros
    - Incluir cidades principais, médias e algumas menores de cada estado
    - Garantir que profissionais e clientes de todo Brasil possam usar o sistema

  2. Mudanças
    - Adicionar centenas de cidades distribuídas por todos os 27 estados brasileiros
    - Focar em cidades com mais de 50.000 habitantes e capitais regionais
*/

-- Adicionar mais cidades de todos os estados brasileiros
INSERT INTO brazilian_cities (state, city, active) VALUES
  -- Acre (adicionar mais)
  ('Acre', 'Rio Branco', true),
  ('Acre', 'Cruzeiro do Sul', true),
  ('Acre', 'Sena Madureira', true),
  ('Acre', 'Tarauacá', true),
  ('Acre', 'Feijó', true),
  ('Acre', 'Brasiléia', true),
  ('Acre', 'Plácido de Castro', true),
  
  -- Alagoas (adicionar mais)
  ('Alagoas', 'Maceió', true),
  ('Alagoas', 'Arapiraca', true),
  ('Alagoas', 'Palmeira dos Índios', true),
  ('Alagoas', 'Rio Largo', true),
  ('Alagoas', 'Penedo', true),
  ('Alagoas', 'União dos Palmares', true),
  ('Alagoas', 'São Miguel dos Campos', true),
  ('Alagoas', 'Santana do Ipanema', true),
  ('Alagoas', 'Delmiro Gouveia', true),
  ('Alagoas', 'Coruripe', true),
  
  -- Amapá (adicionar mais)
  ('Amapá', 'Macapá', true),
  ('Amapá', 'Santana', true),
  ('Amapá', 'Laranjal do Jari', true),
  ('Amapá', 'Oiapoque', true),
  ('Amapá', 'Mazagão', true),
  ('Amapá', 'Porto Grande', true),
  
  -- Amazonas (adicionar mais)
  ('Amazonas', 'Manaus', true),
  ('Amazonas', 'Parintins', true),
  ('Amazonas', 'Itacoatiara', true),
  ('Amazonas', 'Manacapuru', true),
  ('Amazonas', 'Coari', true),
  ('Amazonas', 'Tefé', true),
  ('Amazonas', 'Tabatinga', true),
  ('Amazonas', 'Maués', true),
  ('Amazonas', 'Humaitá', true),
  ('Amazonas', 'Iranduba', true),
  
  -- Mato Grosso (adicionar mais)
  ('Mato Grosso', 'Nova Mutum', true),
  ('Mato Grosso', 'Pontes e Lacerda', true),
  ('Mato Grosso', 'Diamantino', true),
  ('Mato Grosso', 'Peixoto de Azevedo', true),
  ('Mato Grosso', 'Campo Verde', true),
  ('Mato Grosso', 'Guarantã do Norte', true),
  ('Mato Grosso', 'Água Boa', true),
  ('Mato Grosso', 'Vila Rica', true),
  ('Mato Grosso', 'Mirassol d''Oeste', true),
  ('Mato Grosso', 'Araputanga', true),
  ('Mato Grosso', 'Nova Olímpia', true),
  ('Mato Grosso', 'Confresa', true),
  ('Mato Grosso', 'Paranatinga', true),
  ('Mato Grosso', 'Alto Araguaia', true),
  ('Mato Grosso', 'Jaciara', true),
  ('Mato Grosso', 'Nobres', true),
  ('Mato Grosso', 'Arenápolis', true),
  ('Mato Grosso', 'Chapada dos Guimarães', true),
  ('Mato Grosso', 'Pontal do Araguaia', true),
  ('Mato Grosso', 'Alto Taquari', true),
  
  -- Mato Grosso do Sul (adicionar mais)
  ('Mato Grosso do Sul', 'Campo Grande', true),
  ('Mato Grosso do Sul', 'Dourados', true),
  ('Mato Grosso do Sul', 'Três Lagoas', true),
  ('Mato Grosso do Sul', 'Corumbá', true),
  ('Mato Grosso do Sul', 'Ponta Porã', true),
  ('Mato Grosso do Sul', 'Aquidauana', true),
  ('Mato Grosso do Sul', 'Nova Andradina', true),
  ('Mato Grosso do Sul', 'Naviraí', true),
  ('Mato Grosso do Sul', 'Sidrolândia', true),
  ('Mato Grosso do Sul', 'Paranaíba', true),
  ('Mato Grosso do Sul', 'Coxim', true),
  ('Mato Grosso do Sul', 'Maracaju', true),
  
  -- São Paulo (adicionar muitas mais)
  ('São Paulo', 'Mauá', true),
  ('São Paulo', 'Diadema', true),
  ('São Paulo', 'Carapicuíba', true),
  ('São Paulo', 'Piracicaba', true),
  ('São Paulo', 'Bauru', true),
  ('São Paulo', 'Itaquaquecetuba', true),
  ('São Paulo', 'São Vicente', true),
  ('São Paulo', 'Franca', true),
  ('São Paulo', 'Guarujá', true),
  ('São Paulo', 'Taubaté', true),
  ('São Paulo', 'Limeira', true),
  ('São Paulo', 'Suzano', true),
  ('São Paulo', 'Taboão da Serra', true),
  ('São Paulo', 'Sumaré', true),
  ('São Paulo', 'Barueri', true),
  ('São Paulo', 'Embu das Artes', true),
  ('São Paulo', 'Cotia', true),
  ('São Paulo', 'Indaiatuba', true),
  ('São Paulo', 'São Carlos', true),
  ('São Paulo', 'Marília', true),
  ('São Paulo', 'Americana', true),
  ('São Paulo', 'Jacareí', true),
  ('São Paulo', 'Araraquara', true),
  ('São Paulo', 'Presidente Prudente', true),
  ('São Paulo', 'Hortolândia', true),
  ('São Paulo', 'Rio Claro', true),
  ('São Paulo', 'Araçatuba', true),
  ('São Paulo', 'Santa Bárbara d''Oeste', true),
  ('São Paulo', 'Ferraz de Vasconcelos', true),
  ('São Paulo', 'Francisco Morato', true),
  ('São Paulo', 'Itapevi', true),
  ('São Paulo', 'Itu', true),
  ('São Paulo', 'Bragança Paulista', true),
  ('São Paulo', 'Pindamonhangaba', true),
  ('São Paulo', 'Jundiaí', true),
  ('São Paulo', 'Itapecerica da Serra', true),
  ('São Paulo', 'Praia Grande', true),
  ('São Paulo', 'Mogi das Cruzes', true),
  
  -- Minas Gerais (adicionar muitas mais)
  ('Minas Gerais', 'Belo Horizonte', true),
  ('Minas Gerais', 'Uberlândia', true),
  ('Minas Gerais', 'Contagem', true),
  ('Minas Gerais', 'Juiz de Fora', true),
  ('Minas Gerais', 'Betim', true),
  ('Minas Gerais', 'Montes Claros', true),
  ('Minas Gerais', 'Ribeirão das Neves', true),
  ('Minas Gerais', 'Uberaba', true),
  ('Minas Gerais', 'Governador Valadares', true),
  ('Minas Gerais', 'Ipatinga', true),
  ('Minas Gerais', 'Santa Luzia', true),
  ('Minas Gerais', 'Sete Lagoas', true),
  ('Minas Gerais', 'Divinópolis', true),
  ('Minas Gerais', 'Ibirité', true),
  ('Minas Gerais', 'Poços de Caldas', true),
  ('Minas Gerais', 'Patos de Minas', true),
  ('Minas Gerais', 'Teófilo Otoni', true),
  ('Minas Gerais', 'Sabará', true),
  ('Minas Gerais', 'Pouso Alegre', true),
  ('Minas Gerais', 'Barbacena', true),
  ('Minas Gerais', 'Varginha', true),
  ('Minas Gerais', 'Conselheiro Lafaiete', true),
  ('Minas Gerais', 'Araguari', true),
  ('Minas Gerais', 'Itabira', true),
  ('Minas Gerais', 'Passos', true),
  ('Minas Gerais', 'Coronel Fabriciano', true),
  ('Minas Gerais', 'Muriaé', true),
  ('Minas Gerais', 'Nova Lima', true),
  ('Minas Gerais', 'Ituiutaba', true),
  ('Minas Gerais', 'Ubá', true),
  
  -- Rio Grande do Sul (adicionar mais)
  ('Rio Grande do Sul', 'Porto Alegre', true),
  ('Rio Grande do Sul', 'Caxias do Sul', true),
  ('Rio Grande do Sul', 'Pelotas', true),
  ('Rio Grande do Sul', 'Canoas', true),
  ('Rio Grande do Sul', 'Santa Maria', true),
  ('Rio Grande do Sul', 'Gravataí', true),
  ('Rio Grande do Sul', 'Viamão', true),
  ('Rio Grande do Sul', 'Novo Hamburgo', true),
  ('Rio Grande do Sul', 'São Leopoldo', true),
  ('Rio Grande do Sul', 'Rio Grande', true),
  ('Rio Grande do Sul', 'Alvorada', true),
  ('Rio Grande do Sul', 'Passo Fundo', true),
  ('Rio Grande do Sul', 'Sapucaia do Sul', true),
  ('Rio Grande do Sul', 'Uruguaiana', true),
  ('Rio Grande do Sul', 'Santa Cruz do Sul', true),
  ('Rio Grande do Sul', 'Cachoeirinha', true),
  ('Rio Grande do Sul', 'Bagé', true),
  ('Rio Grande do Sul', 'Bento Gonçalves', true),
  ('Rio Grande do Sul', 'Erechim', true),
  ('Rio Grande do Sul', 'Guaíba', true),
  
  -- Paraná (adicionar mais)
  ('Paraná', 'Curitiba', true),
  ('Paraná', 'Londrina', true),
  ('Paraná', 'Maringá', true),
  ('Paraná', 'Ponta Grossa', true),
  ('Paraná', 'Cascavel', true),
  ('Paraná', 'São José dos Pinhais', true),
  ('Paraná', 'Foz do Iguaçu', true),
  ('Paraná', 'Colombo', true),
  ('Paraná', 'Guarapuava', true),
  ('Paraná', 'Paranaguá', true),
  ('Paraná', 'Araucária', true),
  ('Paraná', 'Toledo', true),
  ('Paraná', 'Apucarana', true),
  ('Paraná', 'Pinhais', true),
  ('Paraná', 'Campo Largo', true),
  ('Paraná', 'Arapongas', true),
  ('Paraná', 'Almirante Tamandaré', true),
  ('Paraná', 'Umuarama', true),
  ('Paraná', 'Piraquara', true),
  ('Paraná', 'Cambé', true),
  
  -- Santa Catarina (adicionar mais)
  ('Santa Catarina', 'Florianópolis', true),
  ('Santa Catarina', 'Joinville', true),
  ('Santa Catarina', 'Blumenau', true),
  ('Santa Catarina', 'São José', true),
  ('Santa Catarina', 'Criciúma', true),
  ('Santa Catarina', 'Chapecó', true),
  ('Santa Catarina', 'Itajaí', true),
  ('Santa Catarina', 'Jaraguá do Sul', true),
  ('Santa Catarina', 'Lages', true),
  ('Santa Catarina', 'Palhoça', true),
  ('Santa Catarina', 'Balneário Camboriú', true),
  ('Santa Catarina', 'Brusque', true),
  ('Santa Catarina', 'Tubarão', true),
  ('Santa Catarina', 'São Bento do Sul', true),
  ('Santa Catarina', 'Caçador', true),
  ('Santa Catarina', 'Concórdia', true),
  ('Santa Catarina', 'Camboriú', true),
  ('Santa Catarina', 'Navegantes', true),
  ('Santa Catarina', 'Rio do Sul', true),
  ('Santa Catarina', 'Araranguá', true),
  
  -- Bahia (adicionar muitas mais)
  ('Bahia', 'Salvador', true),
  ('Bahia', 'Feira de Santana', true),
  ('Bahia', 'Vitória da Conquista', true),
  ('Bahia', 'Camaçari', true),
  ('Bahia', 'Itabuna', true),
  ('Bahia', 'Juazeiro', true),
  ('Bahia', 'Lauro de Freitas', true),
  ('Bahia', 'Ilhéus', true),
  ('Bahia', 'Jequié', true),
  ('Bahia', 'Teixeira de Freitas', true),
  ('Bahia', 'Alagoinhas', true),
  ('Bahia', 'Barreiras', true),
  ('Bahia', 'Porto Seguro', true),
  ('Bahia', 'Simões Filho', true),
  ('Bahia', 'Paulo Afonso', true),
  ('Bahia', 'Eunápolis', true),
  ('Bahia', 'Santo Antônio de Jesus', true),
  ('Bahia', 'Valença', true),
  ('Bahia', 'Candeias', true),
  ('Bahia', 'Guanambi', true),
  ('Bahia', 'Jacobina', true),
  ('Bahia', 'Serrinha', true),
  ('Bahia', 'Senhor do Bonfim', true),
  ('Bahia', 'Dias d''Ávila', true),
  ('Bahia', 'Brumado', true),
  
  -- Ceará (adicionar mais)
  ('Ceará', 'Fortaleza', true),
  ('Ceará', 'Caucaia', true),
  ('Ceará', 'Juazeiro do Norte', true),
  ('Ceará', 'Maracanaú', true),
  ('Ceará', 'Sobral', true),
  ('Ceará', 'Crato', true),
  ('Ceará', 'Itapipoca', true),
  ('Ceará', 'Maranguape', true),
  ('Ceará', 'Iguatu', true),
  ('Ceará', 'Quixadá', true),
  ('Ceará', 'Canindé', true),
  ('Ceará', 'Pacajus', true),
  ('Ceará', 'Aquiraz', true),
  ('Ceará', 'Crateús', true),
  ('Ceará', 'Cascavel', true),
  
  -- Pernambuco (adicionar mais)
  ('Pernambuco', 'Recife', true),
  ('Pernambuco', 'Jaboatão dos Guararapes', true),
  ('Pernambuco', 'Olinda', true),
  ('Pernambuco', 'Caruaru', true),
  ('Pernambuco', 'Petrolina', true),
  ('Pernambuco', 'Paulista', true),
  ('Pernambuco', 'Cabo de Santo Agostinho', true),
  ('Pernambuco', 'Camaragibe', true),
  ('Pernambuco', 'Garanhuns', true),
  ('Pernambuco', 'Vitória de Santo Antão', true),
  ('Pernambuco', 'Igarassu', true),
  ('Pernambuco', 'São Lourenço da Mata', true),
  ('Pernambuco', 'Abreu e Lima', true),
  ('Pernambuco', 'Santa Cruz do Capibaribe', true),
  ('Pernambuco', 'Araripina', true),
  ('Pernambuco', 'Ipojuca', true),
  ('Pernambuco', 'Serra Talhada', true),
  ('Pernambuco', 'Escada', true),
  
  -- Goiás (adicionar mais)
  ('Goiás', 'Goiânia', true),
  ('Goiás', 'Aparecida de Goiânia', true),
  ('Goiás', 'Anápolis', true),
  ('Goiás', 'Rio Verde', true),
  ('Goiás', 'Luziânia', true),
  ('Goiás', 'Águas Lindas de Goiás', true),
  ('Goiás', 'Valparaíso de Goiás', true),
  ('Goiás', 'Trindade', true),
  ('Goiás', 'Formosa', true),
  ('Goiás', 'Novo Gama', true),
  ('Goiás', 'Itumbiara', true),
  ('Goiás', 'Senador Canedo', true),
  ('Goiás', 'Catalão', true),
  ('Goiás', 'Jataí', true),
  ('Goiás', 'Planaltina', true),
  ('Goiás', 'Caldas Novas', true),
  ('Goiás', 'Santo Antônio do Descoberto', true),
  ('Goiás', 'Goianésia', true),
  
  -- Pará (adicionar mais)
  ('Pará', 'Belém', true),
  ('Pará', 'Ananindeua', true),
  ('Pará', 'Santarém', true),
  ('Pará', 'Marabá', true),
  ('Pará', 'Parauapebas', true),
  ('Pará', 'Castanhal', true),
  ('Pará', 'Abaetetuba', true),
  ('Pará', 'Cametá', true),
  ('Pará', 'Bragança', true),
  ('Pará', 'Marituba', true),
  ('Pará', 'Altamira', true),
  ('Pará', 'Tucuruí', true),
  ('Pará', 'Itaituba', true),
  ('Pará', 'Paragominas', true),
  ('Pará', 'Barcarena', true),
  
  -- Maranhão (adicionar mais)
  ('Maranhão', 'São Luís', true),
  ('Maranhão', 'Imperatriz', true),
  ('Maranhão', 'São José de Ribamar', true),
  ('Maranhão', 'Timon', true),
  ('Maranhão', 'Caxias', true),
  ('Maranhão', 'Codó', true),
  ('Maranhão', 'Paço do Lumiar', true),
  ('Maranhão', 'Açailândia', true),
  ('Maranhão', 'Bacabal', true),
  ('Maranhão', 'Balsas', true),
  ('Maranhão', 'Barra do Corda', true),
  ('Maranhão', 'Santa Inês', true),
  ('Maranhão', 'Pinheiro', true),
  ('Maranhão', 'Presidente Dutra', true),
  
  -- Espírito Santo (adicionar mais)
  ('Espírito Santo', 'Vitória', true),
  ('Espírito Santo', 'Vila Velha', true),
  ('Espírito Santo', 'Serra', true),
  ('Espírito Santo', 'Cariacica', true),
  ('Espírito Santo', 'Cachoeiro de Itapemirim', true),
  ('Espírito Santo', 'Linhares', true),
  ('Espírito Santo', 'São Mateus', true),
  ('Espírito Santo', 'Colatina', true),
  ('Espírito Santo', 'Guarapari', true),
  ('Espírito Santo', 'Aracruz', true),
  ('Espírito Santo', 'Viana', true),
  ('Espírito Santo', 'Nova Venécia', true),
  ('Espírito Santo', 'Barra de São Francisco', true),
  ('Espírito Santo', 'Marataízes', true),
  
  -- Paraíba (adicionar mais)
  ('Paraíba', 'João Pessoa', true),
  ('Paraíba', 'Campina Grande', true),
  ('Paraíba', 'Santa Rita', true),
  ('Paraíba', 'Patos', true),
  ('Paraíba', 'Bayeux', true),
  ('Paraíba', 'Sousa', true),
  ('Paraíba', 'Cajazeiras', true),
  ('Paraíba', 'Guarabira', true),
  ('Paraíba', 'Mamanguape', true),
  ('Paraíba', 'Cabedelo', true),
  ('Paraíba', 'Monteiro', true),
  ('Paraíba', 'Queimadas', true),
  
  -- Rio Grande do Norte (adicionar mais)
  ('Rio Grande do Norte', 'Natal', true),
  ('Rio Grande do Norte', 'Mossoró', true),
  ('Rio Grande do Norte', 'Parnamirim', true),
  ('Rio Grande do Norte', 'São Gonçalo do Amarante', true),
  ('Rio Grande do Norte', 'Macaíba', true),
  ('Rio Grande do Norte', 'Ceará-Mirim', true),
  ('Rio Grande do Norte', 'Caicó', true),
  ('Rio Grande do Norte', 'Assu', true),
  ('Rio Grande do Norte', 'Currais Novos', true),
  ('Rio Grande do Norte', 'Nova Cruz', true),
  ('Rio Grande do Norte', 'São José de Mipibu', true),
  
  -- Piauí (adicionar mais)
  ('Piauí', 'Teresina', true),
  ('Piauí', 'Parnaíba', true),
  ('Piauí', 'Picos', true),
  ('Piauí', 'Floriano', true),
  ('Piauí', 'Piripiri', true),
  ('Piauí', 'Campo Maior', true),
  ('Piauí', 'Barras', true),
  ('Piauí', 'União', true),
  ('Piauí', 'Altos', true),
  ('Piauí', 'Esperantina', true),
  ('Piauí', 'Pedro II', true),
  
  -- Rondônia (adicionar mais)
  ('Rondônia', 'Porto Velho', true),
  ('Rondônia', 'Ji-Paraná', true),
  ('Rondônia', 'Ariquemes', true),
  ('Rondônia', 'Vilhena', true),
  ('Rondônia', 'Cacoal', true),
  ('Rondônia', 'Jaru', true),
  ('Rondônia', 'Rolim de Moura', true),
  ('Rondônia', 'Guajará-Mirim', true),
  ('Rondônia', 'Pimenta Bueno', true),
  ('Rondônia', 'Buritis', true),
  
  -- Roraima (adicionar mais)
  ('Roraima', 'Boa Vista', true),
  ('Roraima', 'Rorainópolis', true),
  ('Roraima', 'Caracaraí', true),
  ('Roraima', 'Mucajaí', true),
  ('Roraima', 'São João da Baliza', true),
  ('Roraima', 'Alto Alegre', true),
  ('Roraima', 'Bonfim', true),
  
  -- Sergipe (adicionar mais)
  ('Sergipe', 'Aracaju', true),
  ('Sergipe', 'Nossa Senhora do Socorro', true),
  ('Sergipe', 'Lagarto', true),
  ('Sergipe', 'Itabaiana', true),
  ('Sergipe', 'São Cristóvão', true),
  ('Sergipe', 'Estância', true),
  ('Sergipe', 'Barra dos Coqueiros', true),
  ('Sergipe', 'Simão Dias', true),
  ('Sergipe', 'Propriá', true),
  ('Sergipe', 'Tobias Barreto', true),
  
  -- Tocantins (adicionar mais)
  ('Tocantins', 'Palmas', true),
  ('Tocantins', 'Araguaína', true),
  ('Tocantins', 'Gurupi', true),
  ('Tocantins', 'Porto Nacional', true),
  ('Tocantins', 'Paraíso do Tocantins', true),
  ('Tocantins', 'Colinas do Tocantins', true),
  ('Tocantins', 'Guaraí', true),
  ('Tocantins', 'Tocantinópolis', true),
  ('Tocantins', 'Miracema do Tocantins', true),
  ('Tocantins', 'Formoso do Araguaia', true),
  
  -- Distrito Federal (adicionar mais)
  ('Distrito Federal', 'Brasília', true),
  ('Distrito Federal', 'Taguatinga', true),
  ('Distrito Federal', 'Ceilândia', true),
  ('Distrito Federal', 'Samambaia', true),
  ('Distrito Federal', 'Planaltina', true),
  ('Distrito Federal', 'Águas Claras', true),
  ('Distrito Federal', 'Gama', true),
  ('Distrito Federal', 'Santa Maria', true),
  ('Distrito Federal', 'Recanto das Emas', true),
  ('Distrito Federal', 'Sobradinho', true),
  ('Distrito Federal', 'São Sebastião', true),
  ('Distrito Federal', 'Vicente Pires', true)

ON CONFLICT (state, city) DO NOTHING;